,NAME_1,NAME_2,LGU,geometry,Disaster Risk Reduction Plan,Annual Disaster Drill,Early Warning System,Budget for DRRMP,Local Risk Assessment,Emergency Infrastructure,Disaster Preparedness Overall Score,Ranking
0,Laguna,Alaminos,Alaminos (LA),"MULTIPOLYGON (((121.2258 14.0087, 121.216 14.0277, 121.2132 14.0408, 121.2134 14.0561, 121.2097 14.0882, 121.2159 14.0865, 121.2255 14.0806, 121.2338 14.0727, 121.2402 14.0717, 121.2467 14.0765, 121.2526 14.0768, 121.2599 14.0811, 121.2639 14.0893, 121.2603 14.0975, 121.2621 14.0992, 121.281 14.0903, 121.2725 14.0813, 121.2734 14.0767, 121.271 14.0736, 121.2747 14.0726, 121.273 14.0669, 121.2764 14.0675, 121.2782 14.065, 121.2785 14.0664, 121.2819 14.0663, 121.2832 14.0678, 121.2862 14.0664, 121.2879 14.064, 121.2872 14.0611, 121.2893 14.0559, 121.2877 14.0535, 121.2899 14.0512, 121.2884 14.05, 121.2882 14.0467, 121.2823 14.0453, 121.2753 14.0497, 121.2749 14.047, 121.2788 14.0455, 121.2772 14.044, 121.2779 14.0429, 121.2802 14.0446, 121.281 14.0433, 121.2786 14.0411, 121.2795 14.0396, 121.2833 14.0376, 121.2789 14.0351, 121.2772 14.029, 121.2729 14.0253, 121.2752 14.024, 121.2741 14.0215, 121.2752 14.0193, 121.2734 14.0162, 121.2709 14.016, 121.2698 14.0129, 121.2666 14.0137, 121.2641 14.0063, 121.2605 14.0028, 121.2591 14.0043, 121.2513 13.9989, 121.2517 13.9958, 121.2496 13.9953, 121.2487 13.9932, 121.2392 13.9915, 121.2258 14.0087)))",1.9524,1.0036,1.0138,0.0,2.0,0.4762,6.446000000000001,12
1,Laguna,Bay,Bay,"MULTIPOLYGON (((121.2061 14.1059, 121.2053 14.1108, 121.2317 14.1365, 121.2367 14.1403, 121.24 14.1386, 121.2531 14.1431, 121.2607 14.1508, 121.266 14.1641, 121.2645 14.1662, 121.2655 14.1748, 121.2601 14.1922, 121.2657 14.19, 121.2744 14.1948, 121.2839 14.1969, 121.2858 14.1956, 121.2916 14.1957, 121.2938 14.1971, 121.3009 14.1789, 121.299 14.1725, 121.2947 14.1696, 121.2974 14.1631, 121.2943 14.1519, 121.2848 14.1456, 121.2804 14.1397, 121.2661 14.1283, 121.2593 14.1244, 121.2597 14.1201, 121.2558 14.1159, 121.2442 14.1181, 121.2328 14.1099, 121.2289 14.1059, 121.2205 14.0891, 121.2173 14.0856, 121.2097 14.0882, 121.2061 14.1059)))",1.875,1.0032,1.0004,0.035,2.0,0.435,6.3486,22
2,Laguna,Biñan,Binan,"MULTIPOLYGON (((121.0509 14.2431, 121.0425 14.2411, 121.0375 14.244, 121.0356 14.248, 121.0372 14.257, 121.0406 14.2633, 121.0402 14.2705, 121.0416 14.2755, 121.0464 14.2785, 121.05 14.294, 121.0553 14.2973, 121.0598 14.3029, 121.064 14.3123, 121.0668 14.3141, 121.0692 14.3204, 121.0701 14.3302, 121.0616 14.3241, 121.0495 14.3289, 121.0295 14.3243, 121.0089 14.3117, 121.0069 14.3154, 121.0127 14.3229, 121.0217 14.3267, 121.0353 14.338, 121.0445 14.3404, 121.0458 14.3391, 121.0557 14.3401, 121.0782 14.3533, 121.0837 14.3546, 121.0857 14.3577, 121.087 14.3518, 121.0892 14.3507, 121.099 14.3355, 121.0977 14.3348, 121.0976 14.3236, 121.0926 14.3174, 121.0925 14.312, 121.0951 14.306, 121.0942 14.2985, 121.0905 14.2937, 121.091 14.2921, 121.0863 14.2894, 121.0847 14.2845, 121.0707 14.2755, 121.0585 14.2628, 121.0561 14.2588, 121.0563 14.25, 121.0547 14.2451, 121.053 14.2425, 121.0509 14.2431)))",1.9286,1.0291,1.0174,0.1,2.0,0.6585,6.7336,3
3,Laguna,Cabuyao,Cabuyao,"MULTIPOLYGON (((121.0454 14.216, 121.0471 14.2178, 121.0555 14.2172, 121.0615 14.2206, 121.0645 14.2203, 121.0687 14.2244, 121.0855 14.231, 121.1019 14.2603, 121.1072 14.2661, 121.1132 14.2697, 121.1156 14.276, 121.1209 14.2788, 121.1265 14.2892, 121.1253 14.2936, 121.1283 14.2982, 121.1336 14.2923, 121.1375 14.2911, 121.148 14.2786, 121.163 14.2652, 121.165 14.2624, 121.1702 14.2442, 121.1729 14.2399, 121.1341 14.2281, 121.1336 14.2326, 121.1315 14.2341, 121.1266 14.2362, 121.1185 14.2349, 121.1163 14.2366, 121.1063 14.2287, 121.0925 14.2261, 121.0686 14.215, 121.0469 14.2023, 121.0421 14.2035, 121.0332 14.2022, 121.0336 14.2059, 121.0387 14.208, 121.0386 14.2117, 121.0454 14.216)), ((121.1336 14.2959, 121.1318 14.299, 121.1335 14.3001, 121.134 14.2977, 121.1386 14.2954, 121.1358 14.2928, 121.1336 14.2959)))",1.9762,1.0227,1.0047,0.0828,2.0,0.7854,6.8717999999999995,1
4,Laguna,CalambaCity,Calamba (LA),"MULTIPOLYGON (((121.0771 14.1582, 121.052 14.1576, 121.0427 14.1544, 121.0406 14.1576, 121.0387 14.1631, 121.0448 14.1753, 121.0436 14.1877, 121.0453 14.1904, 121.0451 14.1985, 121.0487 14.2037, 121.0925 14.2261, 121.1063 14.2287, 121.1163 14.2366, 121.1185 14.2349, 121.1266 14.2362, 121.1315 14.2341, 121.1336 14.2326, 121.1341 14.2281, 121.1729 14.2399, 121.1823 14.2381, 121.1829 14.2345, 121.1853 14.2319, 121.1866 14.2208, 121.1901 14.2181, 121.185 14.2155, 121.1833 14.2125, 121.1825 14.2054, 121.1838 14.1981, 121.1781 14.1991, 121.1767 14.196, 121.1821 14.1874, 121.1844 14.1882, 121.1864 14.1867, 121.189 14.1892, 121.1955 14.1832, 121.1992 14.1837, 121.2023 14.1863, 121.1994 14.1725, 121.1897 14.1623, 121.1715 14.1381, 121.1534 14.1423, 121.1506 14.1411, 121.1373 14.145, 121.1346 14.1452, 121.1307 14.1425, 121.1192 14.1527, 121.113 14.1535, 121.1076 14.1568, 121.0771 14.1582)))",1.9762,1.1408,1.0069,0.1044,2.0,0.5667,6.795,2
5,Laguna,Calauan,Calauan,"MULTIPOLYGON (((121.2358 14.0732, 121.2338 14.0727, 121.2255 14.0806, 121.2173 14.0856, 121.2205 14.0891, 121.2289 14.1059, 121.2328 14.1099, 121.2442 14.1181, 121.2558 14.1159, 121.2597 14.1201, 121.2593 14.1244, 121.2661 14.1283, 121.2804 14.1397, 121.2848 14.1456, 121.2943 14.1519, 121.2974 14.1631, 121.2947 14.1696, 121.299 14.1725, 121.3009 14.1789, 121.293 14.1978, 121.2996 14.2022, 121.3009 14.1952, 121.3117 14.1953, 121.315 14.1931, 121.3175 14.1863, 121.3207 14.1833, 121.3274 14.1834, 121.3332 14.1863, 121.3371 14.1857, 121.3392 14.1871, 121.3654 14.15, 121.3567 14.1477, 121.3454 14.1472, 121.3328 14.1292, 121.3354 14.1249, 121.3333 14.1218, 121.3221 14.1199, 121.3212 14.1145, 121.3228 14.1125, 121.3129 14.1046, 121.2988 14.1119, 121.2893 14.1043, 121.2821 14.0942, 121.281 14.0903, 121.2621 14.0992, 121.2603 14.0975, 121.2639 14.0893, 121.2599 14.0811, 121.2526 14.0768, 121.2467 14.0765, 121.2402 14.0717, 121.2358 14.0732)))",1.875,1.0032,1.0003,0.0347,2.0,0.4209,6.334099999999999,25
6,Laguna,Cavinti,Cavinti,"MULTIPOLYGON (((121.5051 14.219, 121.4808 14.2156, 121.4754 14.2342, 121.4742 14.2475, 121.4775 14.2566, 121.4882 14.2666, 121.4937 14.2669, 121.502 14.2634, 121.5135 14.2674, 121.5148 14.2643, 121.5157 14.2661, 121.5199 14.2647, 121.52 14.2661, 121.5248 14.2656, 121.5297 14.2673, 121.5354 14.2651, 121.5371 14.2675, 121.5372 14.2657, 121.5426 14.2666, 121.5427 14.2653, 121.5543 14.2647, 121.5743 14.2665, 121.5839 14.2689, 121.6015 14.2782, 121.6191 14.2882, 121.6299 14.2969, 121.6321 14.2861, 121.6307 14.274, 121.6324 14.2669, 121.6305 14.2612, 121.6144 14.2469, 121.6086 14.2323, 121.5886 14.1968, 121.5316 14.2165, 121.5187 14.219, 121.5051 14.219)))",1.9524,1.0018,1.0375,0.0,1.0,0.5146,5.5062999999999995,29
7,Laguna,Famy,Famy,"MULTIPOLYGON (((121.4572 14.4304, 121.4507 14.4297, 121.4434 14.4161, 121.4402 14.4066, 121.4421 14.4008, 121.4411 14.3992, 121.4368 14.4, 121.439 14.4183, 121.4356 14.4301, 121.4369 14.435, 121.4406 14.4377, 121.4448 14.4378, 121.4515 14.4489, 121.4503 14.453, 121.4557 14.4607, 121.4681 14.4661, 121.4711 14.481, 121.4851 14.4882, 121.4918 14.4997, 121.4971 14.4996, 121.5119 14.5059, 121.5151 14.4907, 121.5241 14.472, 121.4948 14.4533, 121.4745 14.4463, 121.4589 14.4341, 121.4572 14.4304)))",1.9375,1.0089,1.0052,0.0,2.0,0.4295,6.3811,18
8,Laguna,Kalayaan,Kalayaan (LA),"MULTIPOLYGON (((121.5574 14.314, 121.5468 14.3113, 121.5388 14.3123, 121.5223 14.3186, 121.5122 14.3206, 121.5013 14.3201, 121.4867 14.3158, 121.4782 14.316, 121.4688 14.3193, 121.4727 14.335, 121.476 14.3392, 121.4784 14.3485, 121.6254 14.3585, 121.6248 14.3481, 121.6087 14.3416, 121.6042 14.3416, 121.6017 14.3385, 121.5987 14.3392, 121.5827 14.3313, 121.5691 14.3186, 121.5574 14.314)))",1.9762,1.0036,1.0158,0.0,2.0,0.3661,6.3617,20
9,Laguna,Liliw,Liliw,"MULTIPOLYGON (((121.4673 14.0841, 121.4525 14.0962, 121.4333 14.1217, 121.4217 14.1468, 121.4219 14.1522, 121.4187 14.1559, 121.4156 14.1566, 121.4166 14.1664, 121.4147 14.1733, 121.4155 14.1771, 121.4007 14.1771, 121.398 14.1797, 121.3978 14.1827, 121.4022 14.1848, 121.4035 14.1871, 121.4039 14.1934, 121.4148 14.1931, 121.4189 14.1895, 121.4193 14.1842, 121.4371 14.1726, 121.438 14.1688, 121.4472 14.1556, 121.4493 14.1464, 121.4553 14.1365, 121.4611 14.1204, 121.4688 14.1141, 121.4717 14.1059, 121.4787 14.0995, 121.484 14.0984, 121.4853 14.0967, 121.4925 14.0747, 121.4834 14.0703, 121.4802 14.0716, 121.4673 14.0841)))",1.9762,1.0036,1.004,0.0,2.0,0.4482,6.432,13
10,Laguna,LosBaños,Los Banos,"MULTIPOLYGON (((121.1977 14.126, 121.1942 14.1322, 121.1864 14.1369, 121.1715 14.1381, 121.1897 14.1623, 121.1994 14.1725, 121.2023 14.1863, 121.2037 14.1869, 121.212 14.1806, 121.2199 14.1823, 121.2332 14.1902, 121.2341 14.1927, 121.232 14.1912, 121.2326 14.193, 121.2365 14.1996, 121.247 14.1934, 121.2601 14.1922, 121.2655 14.1748, 121.2645 14.1662, 121.2659 14.1622, 121.2607 14.1508, 121.2562 14.1451, 121.2482 14.1408, 121.24 14.1386, 121.2367 14.1403, 121.2053 14.1108, 121.1977 14.126)))",1.9167,1.0032,1.0022,0.0364,2.0,0.5302,6.488700000000001,10
11,Laguna,Luisiana,Luisiana,"MULTIPOLYGON (((121.5134 14.1534, 121.5073 14.1541, 121.5026 14.1575, 121.4824 14.1826, 121.4638 14.2021, 121.4594 14.2114, 121.4919 14.2177, 121.5187 14.219, 121.5316 14.2165, 121.5886 14.1968, 121.5648 14.1708, 121.5554 14.1672, 121.5525 14.1685, 121.5497 14.1725, 121.5483 14.1719, 121.5359 14.1639, 121.5224 14.1471, 121.5134 14.1534)))",1.9762,1.0135,1.0099,0.0,2.0,0.0734,6.073,27
12,Laguna,Lumban,Lumban,"MULTIPOLYGON (((121.4545 14.2835, 121.4344 14.2791, 121.4291 14.2954, 121.4372 14.2906, 121.442 14.2905, 121.4446 14.2886, 121.4503 14.2893, 121.4458 14.2897, 121.4444 14.2911, 121.4482 14.2911, 121.4416 14.2933, 121.4396 14.2926, 121.426 14.2991, 121.4249 14.3043, 121.4265 14.3093, 121.4306 14.3088, 121.4322 14.3042, 121.4346 14.3069, 121.4329 14.31, 121.4375 14.312, 121.439 14.3112, 121.4396 14.3127, 121.4328 14.3202, 121.4304 14.3279, 121.4285 14.3258, 121.4276 14.3269, 121.4259 14.3257, 121.4231 14.3357, 121.4274 14.3382, 121.4289 14.3434, 121.4315 14.343, 121.4356 14.3389, 121.4363 14.3406, 121.4378 14.3385, 121.4387 14.3394, 121.4371 14.3414, 121.4374 14.344, 121.44 14.342, 121.4405 14.3435, 121.445 14.3388, 121.4517 14.3364, 121.455 14.328, 121.4607 14.3258, 121.4635 14.3275, 121.466 14.3238, 121.4632 14.3236, 121.4606 14.316, 121.462 14.3136, 121.4619 14.3159, 121.4668 14.3163, 121.4688 14.3193, 121.4782 14.316, 121.4867 14.3158, 121.5013 14.3201, 121.5122 14.3206, 121.5223 14.3186, 121.5388 14.3123, 121.5468 14.3113, 121.5691 14.3186, 121.5827 14.3313, 121.5987 14.3392, 121.6017 14.3385, 121.6042 14.3416, 121.6087 14.3416, 121.6248 14.3481, 121.6269 14.3035, 121.6299 14.2969, 121.6191 14.2882, 121.5839 14.2689, 121.5662 14.265, 121.5452 14.2651, 121.5427 14.2653, 121.5426 14.2666, 121.5372 14.2657, 121.5371 14.2675, 121.5355 14.2651, 121.5297 14.2673, 121.5248 14.2656, 121.52 14.2661, 121.5199 14.2647, 121.5157 14.2661, 121.5148 14.2643, 121.5135 14.2674, 121.5109 14.2659, 121.5076 14.2709, 121.5068 14.2739, 121.5092 14.2747, 121.5097 14.2781, 121.503 14.2806, 121.5041 14.2814, 121.5021 14.2845, 121.4879 14.2807, 121.4853 14.2816, 121.4704 14.2784, 121.4618 14.285, 121.4545 14.2835)))",1.9762,1.0036,1.0079,0.0,0.0,0.376,4.363700000000001,30
13,Laguna,Mabitac,Mabitac,"MULTIPOLYGON (((121.408 14.3891, 121.3749 14.399, 121.3607 14.4524, 121.3596 14.4768, 121.3658 14.4705, 121.4516 14.4499, 121.4448 14.4378, 121.4406 14.4377, 121.4361 14.4326, 121.439 14.4183, 121.4368 14.4, 121.4292 14.3983, 121.4285 14.3949, 121.408 14.3891)))",1.8125,1.0071,1.0521,0.0,2.0,0.5348,6.4065,14
14,Laguna,Magdalena,Magdalena,"MULTIPOLYGON (((121.4285 14.1782, 121.4193 14.1842, 121.4181 14.1904, 121.4148 14.1931, 121.408 14.1935, 121.4068 14.1958, 121.4077 14.2022, 121.4038 14.2126, 121.4049 14.2243, 121.4095 14.2254, 121.4112 14.2284, 121.4235 14.2312, 121.4427 14.2324, 121.4611 14.2316, 121.4577 14.225, 121.4593 14.2203, 121.4588 14.2041, 121.4548 14.1964, 121.4478 14.1885, 121.4445 14.1706, 121.4405 14.1659, 121.4371 14.1726, 121.4285 14.1782)))",1.9762,1.0036,1.1996,0.0,2.0,0.4205,6.5999,9
15,Laguna,Majayjay,Majayjay,"MULTIPOLYGON (((121.5174 14.1155, 121.5058 14.0921, 121.4925 14.0747, 121.4853 14.0967, 121.484 14.0984, 121.4787 14.0995, 121.4717 14.1059, 121.4688 14.1141, 121.4611 14.1204, 121.4553 14.1365, 121.4493 14.1464, 121.4472 14.1556, 121.4405 14.1659, 121.4454 14.1723, 121.4478 14.1885, 121.4548 14.1964, 121.4586 14.2035, 121.4594 14.2114, 121.4638 14.2021, 121.4824 14.1826, 121.5026 14.1575, 121.5073 14.1541, 121.5134 14.1534, 121.5224 14.1471, 121.5235 14.1408, 121.5262 14.1388, 121.5174 14.1155)))",1.9524,1.0036,1.0316,0.0,2.0,0.056,6.0436000000000005,28
16,Laguna,Nagcarlan,Nagcarlan,"MULTIPOLYGON (((121.4802 14.0716, 121.4834 14.0703, 121.4792 14.066, 121.449 14.0661, 121.4423 14.0634, 121.4396 14.0643, 121.4234 14.091, 121.42 14.1035, 121.4116 14.1091, 121.4047 14.12, 121.4 14.1216, 121.3972 14.1247, 121.3977 14.1261, 121.3923 14.1273, 121.385 14.1317, 121.3787 14.1293, 121.3753 14.1249, 121.3663 14.1209, 121.3651 14.1237, 121.3581 14.1283, 121.3573 14.1335, 121.3532 14.1321, 121.3494 14.1397, 121.3474 14.1404, 121.3478 14.1389, 121.3458 14.1403, 121.3454 14.1472, 121.3567 14.1477, 121.3654 14.15, 121.3392 14.1871, 121.3515 14.1838, 121.3595 14.1859, 121.3705 14.1944, 121.3905 14.2059, 121.3882 14.2119, 121.4038 14.2208, 121.4038 14.2126, 121.4077 14.2022, 121.4068 14.1958, 121.408 14.1935, 121.4039 14.1934, 121.4035 14.1871, 121.4022 14.1848, 121.3978 14.1827, 121.398 14.1797, 121.4007 14.1771, 121.4155 14.1771, 121.4147 14.1733, 121.4166 14.1664, 121.4156 14.1566, 121.4187 14.1559, 121.4219 14.1522, 121.4217 14.1468, 121.4347 14.1193, 121.4525 14.0962, 121.4802 14.0716)))",1.9167,1.004,1.0076,0.0306,2.0,0.429,6.3879,17
17,Laguna,Paete,Paete,"MULTIPOLYGON (((121.5535 14.3528, 121.4784 14.3485, 121.479 14.356, 121.4748 14.3641, 121.4743 14.3719, 121.4796 14.3731, 121.508 14.3864, 121.5482 14.4094, 121.5588 14.4089, 121.5626 14.4127, 121.5693 14.414, 121.5697 14.4175, 121.5736 14.4183, 121.5754 14.4116, 121.5794 14.413, 121.5813 14.4097, 121.5842 14.4108, 121.5851 14.4091, 121.5918 14.4101, 121.5963 14.3971, 121.6228 14.3936, 121.6254 14.3585, 121.5535 14.3528)))",1.9048,1.0018,1.0395,0.0,2.0,0.4007,6.3468,23
18,Laguna,Pagsanjan,Pagsanjan,"MULTIPOLYGON (((121.4594 14.2114, 121.4593 14.2203, 121.4577 14.225, 121.4611 14.2316, 121.4427 14.2324, 121.4235 14.2312, 121.4112 14.2284, 121.4183 14.2342, 121.4192 14.2442, 121.4284 14.2561, 121.4323 14.2663, 121.4344 14.2791, 121.4618 14.285, 121.4704 14.2784, 121.4853 14.2816, 121.4879 14.2807, 121.5021 14.2845, 121.5041 14.2814, 121.503 14.2806, 121.5097 14.2781, 121.5092 14.2747, 121.5068 14.2739, 121.5109 14.2659, 121.502 14.2634, 121.4905 14.2674, 121.4775 14.2566, 121.4742 14.2475, 121.4746 14.2378, 121.4808 14.2156, 121.4594 14.2114)))",1.9762,1.0614,1.0375,0.0,2.0,0.6299,6.705,7
19,Laguna,Pakil,Pakil,"MULTIPOLYGON (((121.3884 14.3451, 121.3703 14.361, 121.3673 14.3677, 121.3672 14.372, 121.3712 14.3791, 121.3749 14.399, 121.3861 14.3954, 121.3887 14.3854, 121.3911 14.3822, 121.4009 14.3762, 121.4081 14.3749, 121.3983 14.3569, 121.3884 14.3451)), ((121.4836 14.3936, 121.5102 14.4044, 121.5484 14.424, 121.5546 14.4173, 121.5588 14.4089, 121.5482 14.4094, 121.508 14.3864, 121.4796 14.3731, 121.4745 14.3719, 121.4717 14.3799, 121.466 14.388, 121.4836 14.3936)))",1.875,1.0071,1.125,0.0,2.0,0.384,6.391100000000001,16
20,Laguna,Pangil,Pangil,"MULTIPOLYGON (((121.4099 14.3779, 121.4081 14.3749, 121.4009 14.3762, 121.3911 14.3822, 121.3887 14.3854, 121.3861 14.3954, 121.4086 14.389, 121.4107 14.382, 121.4099 14.3779)), ((121.4539 14.3962, 121.451 14.3977, 121.4523 14.4026, 121.4691 14.4175, 121.4964 14.4325, 121.5359 14.4483, 121.5484 14.424, 121.5102 14.4044, 121.476 14.3906, 121.466 14.388, 121.4545 14.3936, 121.4539 14.3962)))",1.9762,1.0045,1.0119,0.0,2.0,0.4737,6.4662999999999995,11
21,Laguna,Pila,Pila,"MULTIPOLYGON (((121.3734 14.1955, 121.3705 14.1944, 121.3719 14.2005, 121.3686 14.2059, 121.3674 14.2049, 121.3672 14.207, 121.3556 14.2108, 121.3519 14.2139, 121.3535 14.2171, 121.3452 14.2254, 121.3402 14.2393, 121.3383 14.241, 121.3461 14.2469, 121.3453 14.252, 121.3511 14.2613, 121.3577 14.2665, 121.3672 14.2695, 121.3712 14.2571, 121.3828 14.2447, 121.3903 14.2315, 121.3937 14.2278, 121.4023 14.226, 121.405 14.2229, 121.4023 14.2195, 121.3882 14.2119, 121.3905 14.2059, 121.3734 14.1955)))",1.9524,1.0018,1.004,0.0,2.0,0.1674,6.1255999999999995,26
22,Laguna,Rizal,Rizal (LA),"MULTIPOLYGON (((121.3803 14.1027, 121.3814 14.1075, 121.3772 14.1146, 121.3731 14.1142, 121.3695 14.1203, 121.3663 14.1209, 121.3753 14.1249, 121.3787 14.1293, 121.385 14.1317, 121.3923 14.1273, 121.3977 14.1261, 121.3972 14.1247, 121.4 14.1216, 121.4047 14.12, 121.4116 14.1091, 121.42 14.1035, 121.4234 14.091, 121.4396 14.0643, 121.4024 14.0699, 121.3907 14.0938, 121.3878 14.0975, 121.3854 14.0941, 121.3812 14.0967, 121.3828 14.1004, 121.3803 14.1027)))",1.9375,1.0071,1.0104,0.0,2.0,0.3946,6.3496,21
23,Laguna,SanPabloCity,San Pablo (LA),"MULTIPOLYGON (((121.2584 13.991, 121.2479 13.9913, 121.2425 13.9886, 121.2392 13.9915, 121.2487 13.9932, 121.2496 13.9953, 121.2517 13.9958, 121.2513 13.9989, 121.2591 14.0043, 121.2605 14.0028, 121.262 14.0039, 121.2669 14.0118, 121.2666 14.0137, 121.2698 14.0129, 121.2696 14.0146, 121.2749 14.0186, 121.2752 14.024, 121.2729 14.0253, 121.2772 14.029, 121.2789 14.0351, 121.2833 14.0376, 121.2795 14.0396, 121.2786 14.0411, 121.281 14.0433, 121.2802 14.0446, 121.2779 14.0429, 121.2772 14.044, 121.2788 14.0455, 121.2749 14.047, 121.2753 14.0497, 121.2823 14.0453, 121.2882 14.0467, 121.2884 14.05, 121.2899 14.0512, 121.2877 14.0535, 121.2893 14.0559, 121.2872 14.0611, 121.2879 14.064, 121.2855 14.0671, 121.2828 14.0677, 121.2819 14.0663, 121.2785 14.0664, 121.2782 14.065, 121.2764 14.0675, 121.2725 14.0675, 121.2749 14.0718, 121.271 14.0736, 121.2734 14.0767, 121.2725 14.0813, 121.281 14.0903, 121.2821 14.0942, 121.2893 14.1043, 121.2975 14.1112, 121.2994 14.1119, 121.3129 14.1046, 121.3228 14.1125, 121.3212 14.1145, 121.3221 14.1199, 121.3333 14.1218, 121.3354 14.1249, 121.3328 14.1292, 121.3452 14.1463, 121.3458 14.1403, 121.3478 14.1389, 121.3474 14.1404, 121.3494 14.1397, 121.3532 14.1321, 121.3573 14.1335, 121.3581 14.1283, 121.3651 14.1237, 121.3666 14.1206, 121.3695 14.1203, 121.3701 14.1188, 121.3677 14.1197, 121.3643 14.1172, 121.3652 14.1142, 121.3689 14.1148, 121.3705 14.1168, 121.3731 14.1142, 121.3772 14.1146, 121.3814 14.1075, 121.38 14.1044, 121.3754 14.1028, 121.3749 14.0998, 121.3772 14.0979, 121.377 14.0962, 121.3812 14.0967, 121.3854 14.0941, 121.3878 14.0975, 121.4024 14.0699, 121.4312 14.0648, 121.4251 14.049, 121.4067 14.0373, 121.4028 14.0393, 121.3977 14.0381, 121.3906 14.0331, 121.3891 14.0337, 121.3854 14.0304, 121.351 14.0133, 121.3463 14.0064, 121.3396 14.0023, 121.3381 13.9965, 121.3333 13.9915, 121.3325 13.9885, 121.3266 13.9853, 121.3231 13.9859, 121.312 13.9826, 121.3052 13.9762, 121.2999 13.9734, 121.299 13.971, 121.2907 13.9738, 121.2826 13.9717, 121.2743 13.9646, 121.267 13.9659, 121.2613 13.9647, 121.2585 13.9705, 121.2607 13.9916, 121.2584 13.991), (121.3336 14.0805, 121.3311 14.0807, 121.3267 14.0774, 121.3283 14.0731, 121.3322 14.0707, 121.3367 14.0739, 121.3364 14.0784, 121.3336 14.0805), (121.3374 14.12, 121.3347 14.1213, 121.3328 14.1178, 121.3355 14.1162, 121.3372 14.1171, 121.3374 14.12), (121.3689 14.1134, 121.366 14.1114, 121.3659 14.1096, 121.3714 14.1105, 121.3709 14.1132, 121.3689 14.1134)))",1.9762,1.0772,1.0079,0.0954,2.0,0.5705,6.7272,4
24,Laguna,SanPedro,San Pedro,"MULTIPOLYGON (((121.0055 14.3225, 121.0088 14.3407, 121.0136 14.3511, 121.027 14.3592, 121.0327 14.3656, 121.0424 14.3724, 121.0452 14.3685, 121.0487 14.3685, 121.0514 14.3706, 121.052 14.3755, 121.0535 14.3749, 121.0551 14.3789, 121.0562 14.377, 121.0594 14.3763, 121.0632 14.3713, 121.0627 14.3625, 121.0653 14.3577, 121.069 14.356, 121.0739 14.3565, 121.0762 14.3552, 121.0781 14.3562, 121.0777 14.3525, 121.0695 14.3487, 121.0626 14.343, 121.0537 14.3396, 121.0458 14.3391, 121.0445 14.3404, 121.0353 14.338, 121.0217 14.3267, 121.0127 14.3229, 121.0069 14.3154, 121.0055 14.3225)))",1.9762,1.0599,1.0062,0.0758,2.0,0.5916,6.7097,6
25,Laguna,SantaCruz,Santa Cruz (LA),"MULTIPOLYGON (((121.4049 14.2243, 121.3937 14.2278, 121.3903 14.2315, 121.3828 14.2447, 121.3712 14.2571, 121.3672 14.2695, 121.3717 14.272, 121.3721 14.2741, 121.3792 14.2758, 121.3843 14.2815, 121.39 14.2816, 121.4017 14.2911, 121.4001 14.2977, 121.4016 14.3056, 121.4036 14.3059, 121.4059 14.3036, 121.4141 14.3014, 121.4151 14.2999, 121.413 14.2984, 121.4136 14.2964, 121.4243 14.2968, 121.426 14.2949, 121.4291 14.2954, 121.4344 14.2791, 121.4323 14.2663, 121.4284 14.2561, 121.4192 14.2442, 121.4183 14.2342, 121.4126 14.2308, 121.4095 14.2254, 121.4049 14.2243)))",1.875,1.0032,1.0009,0.035,2.0,0.4274,6.3415,24
26,Laguna,SantaMaria,Santa Maria (LA),"MULTIPOLYGON (((121.4237 14.457, 121.3658 14.4705, 121.3596 14.4768, 121.3595 14.4801, 121.3637 14.488, 121.3664 14.5001, 121.3755 14.5186, 121.3891 14.5369, 121.3979 14.5455, 121.4074 14.55, 121.4182 14.5582, 121.4278 14.5623, 121.4471 14.5685, 121.4646 14.5705, 121.4698 14.5758, 121.4865 14.5519, 121.5076 14.516, 121.5119 14.5059, 121.4971 14.4996, 121.4918 14.4997, 121.4851 14.4882, 121.4711 14.481, 121.4681 14.4661, 121.4557 14.4607, 121.4503 14.453, 121.4516 14.4499, 121.4237 14.457)))",1.9286,1.0262,1.1225,0.0,2.0,0.6002,6.6775,8
27,Laguna,SantaRosaCity,Santa Rosa (LA),"MULTIPOLYGON (((121.0519 14.2379, 121.0563 14.25, 121.0552 14.2542, 121.0564 14.26, 121.0707 14.2755, 121.0847 14.2845, 121.0863 14.2894, 121.091 14.2921, 121.0905 14.2937, 121.0942 14.2985, 121.0951 14.306, 121.0921 14.3139, 121.0933 14.3195, 121.0983 14.3257, 121.0977 14.3348, 121.1081 14.3333, 121.1197 14.3215, 121.1283 14.2982, 121.1253 14.2936, 121.1265 14.2892, 121.1215 14.2797, 121.1156 14.276, 121.1132 14.2697, 121.1072 14.2661, 121.1019 14.2603, 121.0855 14.231, 121.0687 14.2244, 121.0645 14.2203, 121.0615 14.2206, 121.0555 14.2172, 121.0471 14.2178, 121.0473 14.2301, 121.0519 14.2379)))",1.9048,1.0064,1.1968,0.1064,2.0,0.5038,6.7182,5
28,Laguna,Siniloan,Siniloan,"MULTIPOLYGON (((121.4438 14.4167, 121.4507 14.4297, 121.4578 14.4301, 121.4578 14.4329, 121.4668 14.4413, 121.4821 14.4497, 121.4948 14.4533, 121.5197 14.4701, 121.5241 14.472, 121.5326 14.457, 121.5359 14.4483, 121.4964 14.4325, 121.4691 14.4175, 121.4523 14.4026, 121.4509 14.3998, 121.4518 14.3966, 121.4473 14.399, 121.4435 14.3972, 121.4411 14.3992, 121.4421 14.4008, 121.4402 14.4066, 121.4438 14.4167)))",1.9583,1.0032,1.0062,0.035,2.0,0.3909,6.3936,15
29,Laguna,Victoria,Victoria (LA),"MULTIPOLYGON (((121.3274 14.1834, 121.3186 14.1845, 121.315 14.1931, 121.3117 14.1953, 121.3009 14.1952, 121.2996 14.2022, 121.307 14.2079, 121.3116 14.2218, 121.3186 14.2257, 121.3233 14.2346, 121.3383 14.241, 121.3402 14.2393, 121.3452 14.2254, 121.3535 14.2171, 121.3519 14.2139, 121.3556 14.2108, 121.3672 14.207, 121.3674 14.2049, 121.3686 14.2059, 121.3708 14.2031, 121.3719 14.1982, 121.3705 14.1944, 121.3595 14.1859, 121.3515 14.1838, 121.3392 14.1871, 121.3371 14.1857, 121.3332 14.1863, 121.3274 14.1834)))",1.9048,1.0,1.0613,0.0,2.0,0.4113,6.3774,19
